ANN_ACC,TYP_EPV,HEU_ACC,COD_PRV,COD_ETA_CHA,COD_ETA_SUR,COD_LUM,COD_INT,COD_AGG,LOC,COD_TYP_CAR_AGG,COD_TYP_CHA,COD_TOP,COD_TYP_CAR_CAM,COD_PRO_LON,COD_TRA_PLA,COD_TYP_COL,COD_OBS_HRT,COD_POI_CHO,COD_MAN
2013.0,GR,1.0,PROVINCE D  AGADIR,Revetue bonne,Sec,Nuit,Temps normal,AHMAR LAGLALCHA,hors intersection,Carrefour simple sans feux ou stop,Route a chaussee unique,Retrecissement de la chaussee,Sans ilot et sans signalisation,Plat,Partie rectiligne,Frontale,Vehicule en stationnement,Avant,Meme sens ou meme file
2014.0,DGSN,2.0,PROVINCE DE TAROUDANT,Revetue mauvaise,Mouille,Jour,Pluie,AIT IGUASSE,en intersection,Carrefour simple avec feux ou stop,Chaussee separee par terre-pleine,Pont ou radier,Sans ilot et avec signalisation,Pente,En courbe a gauche,Par l'arriere,Glissiere metallique,Avant droit,Entre 2 files
2015.0,,3.0,PROVINCE D  ALHOCEIMA,Revetue tres mauvaise,Enneige ou verglace,Non precise,Chute de neige,ASSAKI,en passage Ã  niveau,Carrefour multiple sans feux ou stop,,Obstacle naturel reduisant la visibilite,Avec ilot et sans signalisation,Sommet de cote,En courbe a droite,Par le cote,Glissiere beton,Avant gauche,En marche arriere
2016.0,,4.0,PROVINCE D  AZILAL,Non revetue,Autres,,Brouillard,EL KOUDIA,,Carrefour multiple avec feux ou stop,,,Avec ilot et avec signalisation,,En S,En chaine,Autre glissiere,Arriere,A contresens
2017.0,,5.0,PROVINCE DE BENI MELLAL,Non precise,Non precise,,"Vent fort, tempete",ELHOUMER,,,,,Passage a  niveau non garde,,,Collisions multiples,"Batiment, mur ou pile de pont",Arriere-droit,En franchissant le terre-plein central
,,6.0,PROVINCE DE BEN SLIMANE,,,,Non precise,HANSALA,,,,,Passage a  niveau garde,,,Autres collisions,Support signalisation verticale,Arriere-gauche,En s'inserant
,,7.0,PROVINCE DE BOULEMANE,,,,,IDA OUGOMAD,,,,,,,,Sans collision,Poteau,Cote droit,En faisant demi-tour sur la chaussee
,,8.0,PROVINCE DE BOUJDOUR,,,,,IGHRI,,,,,,,,,Mobilier urbain,Cote gauche,A gauche
,,9.0,PROVINCE DE CHEFCHAOUEN,,,,,IGLI,,,,,,,,,Bordure de trottoir,Chocs multiples (tonneau),A droite
,,10.0,PROVINCE D  EL-JADIDA,,,,,LABAARIR ,,,,,,,,,"Fossee, talus ou paroi rocheuse",,A gauche
,,11.0,PROVINCE D  EL KALAA DES SRAGH,,,,,LAGFIFAT,,,,,,,,,Autre obstacle fixe sur chaussee,,A droite
,,12.0,PROVINCE D'ESSAOUIRA,,,,,LAKHNAFIF,,,,,,,,,Autre obstacle fixe sur trottoir/accot.,,A gauche
,,13.0,PROVINCE D'ERRACHIDIA,,,,,LAMNIZLA,,,,,,,,,Sortie de chaussee sans obstacle,,A droite
,,14.0,PROVINCE DE FES,,,,,MACHRAA EL AIN,,,,,,,,,Pieton,,A gauche
,,15.0,PROVINCE DE FIGUIG,,,,,NOUYAL,,,,,,,,,Vehicule,,A droite
,,16.0,PROVINCE DE KENITRA,,,,,OULAD AISSA,,,,,,,,,Animal,,Traversant la chaussee
,,17.0,PROVINCE DE SIDI KACEM,,,,,OULAD MHALLA,,,,,,,,,Vehicule sur rail,,Manoeuvre de stationnement
,,18.0,PROVINCE DE KHEMISSET,,,,,OULED BRAHIM,,,,,,,,,Autres,,Manoeuvre d'evitement
,,19.0,PROVINCE DE KHENIFRA,,,,,AIT TAMANT,,,,,,,,,,,Ouverture de porte
,,20.0,PROVINCE DE KHOURIBGA,,,,,OULED BERRHIL,,,,,,,,,,,Arrete (hors stationnement)
,,21.0,PROVINCE DE LAAYOUNE,,,,,TAROUDANT,,,,,,,,,,,En stationnement (avec occupants)
,,22.0,PROVINCE DE MARRAKECH,,,,,TAFINGOULT,,,,,,,,,,,
,,23.0,PROVINCE DE MEKNES,,,,,TALIOUINE,,,,,,,,,,,
,,24.0,PROVINCE DE NADOR,,,,,AOULOUZ,,,,,,,,,,,
,,,PROVINCE D  OUARZAZATE,,,,,OULED TEIMA,,,,,,,,,,,
,,,PROVINCE D'OUJDA,,,,,SEBT GUERDANE,,,,,,,,,,,
,,,PROVINCE DE SAFI,,,,,ARGANA,,,,,,,,,,,
,,,PROVINCE DE SETTAT,,,,,FREIJA,,,,,,,,,,,
,,,PROVINCE DE SMARA,,,,,AL HOCEIMA,,,,,,,,,,,
,,,PROVINCE DE TANGER,,,,,BENI HADIFA,,,,,,,,,,,
,,,PROVINCE DE TAN TAN,,,,,BENI BOUAYACH,,,,,,,,,,,
,,,PROVINCE DE GUELMIM,,,,,KETAMA,,,,,,,,,,,
,,,PROVINCE DE TATA,,,,,TARGUIST,,,,,,,,,,,
,,,PROVINCE DE TAZA,,,,,TORES D'EL KALAA,,,,,,,,,,,
,,,PROVINCE DE TAOUNATE,,,,,IMZOUREN,,,,,,,,,,,
,,,PROVINCE DE TETOUAN,,,,,BNI BOUFRAH,,,,,,,,,,,
,,,PROVINCE DE TIZNIT,,,,,ISSAGUEN,,,,,,,,,,,
,,,PROVINCE D  OUED EDDAHAB (ADDA,,,,,TAGHZOUT,,,,,,,,,,,
,,,PROVINCE D  IFRANE,,,,,AFOURER,,,,,,,,,,,
,,,PROVINCE DE LARACHE,,,,,AZILAL,,,,,,,,,,,
,,,AGADIR IDA OUTANANE,,,,,BINE EL OUIDANE,,,,,,,,,,,
,,,SEFROU,,,,,DEMNATE,,,,,,,,,,,
,,,AL HAOUZ,,,,,OUAOUIZEGHT,,,,,,,,,,,
,,,ASSA ZAG,,,,,AIT AATAB,,,,,,,,,,,
,,,CHTOUKA INEZGANE,,,,,BZOU,,,,,,,,,,,
,,,ZAGORA,,,,,TANANNT,,,,,,,,,,,
,,,BERKANE,,,,,IMADDAHENE,,,,,,,,,,,
,,,CHICHAOUA,,,,,AIT CHOUARIT,,,,,,,,,,,
,,,TAOURIRT,,,,,BENI MELLAL,,,,,,,,,,,
,,,WILAYA DE GRAND CASABLANCA,,,,,DAR OULD  ZIDOUH,,,,,,,,,,,
,,,MOHAMMADIA,,,,,EL KSIBA,,,,,,,,,,,
,,,PROVINCE DE OUAZZANE,,,,,FKIH BEN SALAH,,,,,,,,,,,
,,,PROVINCE DE MIDELT,,,,,KASBA TADLA,,,,,,,,,,,
,,,WILAYA DE RABAT-SALE,,,,,SOUK ES SEBT OULAD NEMMA,,,,,,,,,,,
,,,,,,,,ZAOUIA CHEIKH,,,,,,,,,,,
,,,,,,,,OULED AYACHE,,,,,,,,,,,
,,,,,,,,OULED M'BAREK,,,,,,,,,,,
,,,,,,,,SIDI JABEUR,,,,,,,,,,,
,,,,,,,,BEN SLIMANE,,,,,,,,,,,
,,,,,,,,BOUZNIKA,,,,,,,,,,,
,,,,,,,,BIR ENNASR,,,,,,,,,,,
,,,,,,,,MELLILA,,,,,,,,,,,
,,,,,,,,JEMAA FEDALATE,,,,,,,,,,,
,,,,,,,,SIDI BETTACHE,,,,,,,,,,,
,,,,,,,,TLAT ZIAIDA,,,,,,,,,,,
,,,,,,,,OULED ZIANE,,,,,,,,,,,
,,,,,,,,BOULEMANE,,,,,,,,,,,
,,,,,,,,IMOUZZER DES MARMOUCHA,,,,,,,,,,,
,,,,,,,,MISSOUR,,,,,,,,,,,
,,,,,,,,OUTAT EL HAJ,,,,,,,,,,,
,,,,,,,,ALMIS GUIGOU,,,,,,,,,,,
,,,,,,,,ENJIL,,,,,,,,,,,
,,,,,,,,SEKOURA,,,,,,,,,,,
,,,,,,,,TENDITE,,,,,,,,,,,
,,,,,,,,KSABI,,,,,,,,,,,
,,,,,,,,BOUJDOUR,,,,,,,,,,,
,,,,,,,,BIR ANZARANE,,,,,,,,,,,
,,,,,,,,D OIED KRAA,,,,,,,,,,,
,,,,,,,,SIDI EL GHAZI,,,,,,,,,,,
,,,,,,,,RMILA( OULAD MALLOUK ),,,,,,,,,,,
,,,,,,,,S/BOUTAYEB(OULAD BOUKHALFA),,,,,,,,,,,
,,,,,,,,BIR GUENDOUZ ,,,,,,,,,,,
,,,,,,,,TICHLA,,,,,,,,,,,
,,,,,,,,LABOUIRDA,,,,,,,,,,,
,,,,,,,,BAB BERRED,,,,,,,,,,,
,,,,,,,,BNI AHMED,,,,,,,,,,,
,,,,,,,,CHEFCHAOUEN,,,,,,,,,,,
,,,,,,,,HAD GHDIR LAKROUCH,,,,,,,,,,,
,,,,,,,,JEBHA,,,,,,,,,,,
,,,,,,,,STEHA,,,,,,,,,,,
,,,,,,,,ZOUMI,,,,,,,,,,,
,,,,,,,,BAB TAZA,,,,,,,,,,,
,,,,,,,,BOU AHMED,,,,,,,,,,,
,,,,,,,,BNI RZINE,,,,,,,,,,,
,,,,,,,,AZEMMOUR,,,,,,,,,,,
,,,,,,,,BIR JDID,,,,,,,,,,,
,,,,,,,,EL AOUNATE,,,,,,,,,,,
,,,,,,,,EL JADIDA,,,,,,,,,,,
,,,,,,,,EL HAOUZIA,,,,,,,,,,,
,,,,,,,,KHMIS  ZEMAMRA,,,,,,,,,,,
,,,,,,,,OUALIDIYA,,,,,,,,,,,
,,,,,,,,OULED FREJ,,,,,,,,,,,
,,,,,,,,SIDI BENNOUR,,,,,,,,,,,
,,,,,,,,SIDI BOUZID,,,,,,,,,,,
,,,,,,,,SIDI SMAIL,,,,,,,,,,,
,,,,,,,,MOULAY ABDALLAH,,,,,,,,,,,
,,,,,,,,OULED AISSA,,,,,,,,,,,
,,,,,,,,TNINE RHARBIA,,,,,,,,,,,
,,,,,,,,BENGUERIR,,,,,,,,,,,
,,,,,,,,EL KALAA DES SRAGHNA,,,,,,,,,,,
,,,,,,,,EL ATTAOUIA,,,,,,,,,,,
,,,,,,,,HAD RAS EL AIN,,,,,,,,,,,
,,,,,,,,SIDI BOUOTHMANE,,,,,,,,,,,
,,,,,,,,SKHOUR DES RHAMNAS,,,,,,,,,,,
,,,,,,,,TAMELELT,,,,,,,,,,,
,,,,,,,,SIDI RAHHAL,,,,,,,,,,,
,,,,,,,,TNINE BOUCHANE,,,,,,,,,,,
,,,,,,,,ARBAA GAZET,,,,,,,,,,,
,,,,,,,,ESSAOUIRA,,,,,,,,,,,
,,,,,,,,TLAT EL HANCHANE,,,,,,,,,,,
,,,,,,,,SMIMOU,,,,,,,,,,,
,,,,,,,,TALMEST,,,,,,,,,,,
,,,,,,,,TAMANAR,,,,,,,,,,,
,,,,,,,,TAFETTACHTE,,,,,,,,,,,
,,,,,,,,HAD DRAA,,,,,,,,,,,
,,,,,,,,AIT DAOUD,,,,,,,,,,,
,,,,,,,,BIZDAD,,,,,,,,,,,
,,,,,,,,OUNAGHA,,,,,,,,,,,
,,,,,,,,AOUFOUS,,,,,,,,,,,
,,,,,,,,BOUDNIB,,,,,,,,,,,
,,,,,,,,ERFOUD,,,,,,,,,,,
,,,,,,,,ERRACHIDIA,,,,,,,,,,,
,,,,,,,,GOULMIMA,,,,,,,,,,,
,,,,,,,,OUED ZIZ,,,,,,,,,,,
,,,,,,,,RICH,,,,,,,,,,,
,,,,,,,,RISSANI,,,,,,,,,,,
,,,,,,,,TAOUZ,,,,,,,,,,,
,,,,,,,,TNINE JDAD,,,,,,,,,,,
,,,,,,,,IMILCHIL,,,,,,,,,,,
,,,,,,,,BENSOUDA,,,,,,,,,,,
,,,,,,,,BIR TAMTAM,,,,,,,,,,,
,,,,,,,,BOUMEREM,,,,,,,,,,,
,,,,,,,,BOUCHAOUEN,,,,,,,,,,,
,,,,,,,,FES,,,,,,,,,,,
,,,,,,,,BENI GUIL,,,,,,,,,,,
,,,,,,,,MOULAY YACOUB,,,,,,,,,,,
,,,,,,,,AIN CHOUATER,,,,,,,,,,,
,,,,,,,,SIDI HRAZEM,,,,,,,,,,,
,,,,,,,,RAS TABOUDA,,,,,,,,,,,
,,,,,,,,OULED TAYEB,,,,,,,,,,,
,,,,,,,,TAZOUTA,,,,,,,,,,,
,,,,,,,,AIR DE FES SAISS,,,,,,,,,,,
,,,,,,,,BENI TADJITE,,,,,,,,,,,
,,,,,,,,BOUANANE,,,,,,,,,,,
,,,,,,,,BOUARFA,,,,,,,,,,,
,,,,,,,,FIGUIG,,,,,,,,,,,
,,,,,,,,TENDRARA,,,,,,,,,,,
,,,,,,,,TALSINT,,,,,,,,,,,
,,,,,,,,AIN CHAIR,,,,,,,,,,,
,,,,,,,,ABOU LAKHAL,,,,,,,,,,,
,,,,,,,,ARBAOUA,,,,,,,,,,,
,,,,,,,,KENITRA,,,,,,,,,,,
,,,,,,,,DAR GUEDDARI,,,,,,,,,,,
,,,,,,,,MEHDIA,,,,,,,,,,,
,,,,,,,,MOULAY BOUSSELHAM,,,,,,,,,,,
,,,,,,,,SIDI ALLAL TAZI,,,,,,,,,,,
,,,,,,,,SIDI SLIMANE,,,,,,,,,,,
,,,,,,,,SIDI YAHYA  DU  GHARB,,,,,,,,,,,
,,,,,,,,SOUK LARBA DU GHARB,,,,,,,,,,,
,,,,,,,,HADDADA,,,,,,,,,,,
,,,,,,,,DAR BEL AMRI,,,,,,,,,,,
,,,,,,,,SOUK TLATA EL GHARB,,,,,,,,,,,
,,,,,,,,AIN DORRIJ,,,,,,,,,,,
,,,,,,,,NKHAKHSA,,,,,,,,,,,
,,,,,,,,HAD KOURT,,,,,,,,,,,
,,,,,,,,SIDI KACEM,,,,,,,,,,,
,,,,,,,,OUEZZANE,,,,,,,,,,,
,,,,,,,,MECHRA BEL KSIRI,,,,,,,,,,,
,,,,,,,,JORF EL MELHA,,,,,,,,,,,
,,,,,,,,TEROUAL,,,,,,,,,,,
,,,,,,,,MJAARA,,,,,,,,,,,
,,,,,,,,AIT SIBERNE,,,,,,,,,,,
,,,,,,,,ZHILIGA,,,,,,,,,,,
,,,,,,,,HAD BRACHOUA,,,,,,,,,,,
,,,,,,,,KHEMISSET,,,,,,,,,,,
,,,,,,,,OULMES,,,,,,,,,,,
,,,,,,,,ROMMANI,,,,,,,,,,,
,,,,,,,,SIDI ALLAL BAHRAOUI,,,,,,,,,,,
,,,,,,,,MAATARKA,,,,,,,,,,,
,,,,,,,,MAAZIZ,,,,,,,,,,,
,,,,,,,,TIFLET,,,,,,,,,,,
,,,,,,,,TIDDAS,,,,,,,,,,,
,,,,,,,,KHEMIS AIT YADINE,,,,,,,,,,,
,,,,,,,,AIN SBITE,,,,,,,,,,,
,,,,,,,,MOULAY IDRISS AGHBAL,,,,,,,,,,,
,,,,,,,,MERCHOUCH,,,,,,,,,,,
,,,,,,,,EL-KBAB,,,,,,,,,,,
,,,,,,,,ASSAKA,,,,,,,,,,,
,,,,,,,,ITZER,,,,,,,,,,,
,,,,,,,,KHENIFRA,,,,,,,,,,,
,,,,,,,,KEF-N-SOUR,,,,,,,,,,,
,,,,,,,,MIDELT,,,,,,,,,,,
,,,,,,,,MRIRT,,,,,,,,,,,
,,,,,,,,MOULAY BOUAZZA,,,,,,,,,,,
,,,,,,,,TOUNFIT,,,,,,,,,,,
,,,,,,,,BOUMIA,,,,,,,,,,,
,,,,,,,,AIT ISHAQ,,,,,,,,,,,
,,,,,,,,AGUELMOUS,,,,,,,,,,,
,,,,,,,,ZAIDA,,,,,,,,,,,
,,,,,,,,BOUJAAD,,,,,,,,,,,
,,,,,,,,BOUJNIBA,,,,,,,,,,,
,,,,,,,,HATTANE,,,,,,,,,,,
,,,,,,,,KHOURIBGA,,,,,,,,,,,
,,,,,,,,OUED ZEM,,,,,,,,,,,
,,,,,,,,SISI BOULAOUANE,,,,,,,,,,,
,,,,,,,,BNI IKHLEF,,,,,,,,,,,
,,,,,,,,SOUK JEMAA OULED ABDOUNE,,,,,,,,,,,
,,,,,,,,BOULANOUAR,,,,,,,,,,,
,,,,,,,,EL GOUFAF,,,,,,,,,,,
,,,,,,,,BOUKRAA,,,,,,,,,,,
,,,,,,,,DAOURA,,,,,,,,,,,
,,,,,,,,FOUM EL OUAD,,,,,,,,,,,
,,,,,,,,HAGOUNIA,,,,,,,,,,,
,,,,,,,,LAAYOUNE,,,,,,,,,,,
,,,,,,,,PORT-PLAGE,,,,,,,,,,,
,,,,,,,,TARFAYA,,,,,,,,,,,
,,,,,,,,PORT LAAYOUNE,,,,,,,,,,,
,,,,,,,,AKHFENNIR,,,,,,,,,,,
,,,,,,,,MARSA,,,,,,,,,,,
,,,,,,,,AIN ZOHRA,,,,,,,,,,,
,,,,,,,,AIT ADEL,,,,,,,,,,,
,,,,,,,,TAZAGHINE,,,,,,,,,,,
,,,,,,,,TROUGOUTE ,,,,,,,,,,,
,,,,,,,,CHICHAOUA,,,,,,,,,,,
,,,,,,,,LAMHAMID,,,,,,,,,,,
,,,,,,,,IMINTANOUTE,,,,,,,,,,,
,,,,,,,,OUKAIMIDEN,,,,,,,,,,,
,,,,,,,,MARRAKECH,,,,,,,,,,,
,,,,,,,,AMGALA,,,,,,,,,,,
,,,,,,,,SIDI MOKHTAR,,,,,,,,,,,
,,,,,,,,TNINE OUDAYA,,,,,,,,,,,
,,,,,,,,SIDI ABDELLAH GHIATE,,,,,,,,,,,
,,,,,,,,KETTARA,,,,,,,,,,,
,,,,,,,,AHADAF,,,,,,,,,,,
,,,,,,,,AIN TAOUJDATE,,,,,,,,,,,
,,,,,,,,AIT YAZEM,,,,,,,,,,,
,,,,,,,,AIN EL ORMA,,,,,,,,,,,
,,,,,,,,HAOUZA,,,,,,,,,,,
,,,,,,,,EL HAJEB,,,,,,,,,,,
,,,,,,,,MEKNES,,,,,,,,,,,
,,,,,,,,MOULAY IDRISS ZERHOUN,,,,,,,,,,,
,,,,,,,,SEBAA-AIOUN,,,,,,,,,,,
,,,,,,,,AIN JEMAA,,,,,,,,,,,
,,,,,,,,BOUFEKRANE,,,,,,,,,,,
,,,,,,,,KERMAT BEN SALEM,,,,,,,,,,,
,,,,,,,,N'ZALAT BNI AMMAR,,,,,,,,,,,
,,,,,,,,BENI ANZAR,,,,,,,,,,,
,,,,,,,,BOUDINAR,,,,,,,,,,,
,,,,,,,,DRIOUCH,,,,,,,,,,,
,,,,,,,,AZIB MIDAR,,,,,,,,,,,
,,,,,,,,MONT AROUIT,,,,,,,,,,,
,,,,,,,,NADOR,,,,,,,,,,,
,,,,,,,,OUIXAN,,,,,,,,,,,
,,,,,,,,RAS EL MAA,,,,,,,,,,,
,,,,,,,,SELOUANE,,,,,,,,,,,
,,,,,,,,ZAIO,,,,,,,,,,,
,,,,,,,,ZEGANGANE,,,,,,,,,,,
,,,,,,,,HAD BENI CHIKER,,,,,,,,,,,
,,,,,,,,TIZTOUTINE,,,,,,,,,,,
,,,,,,,,DAR KEBDANI,,,,,,,,,,,
,,,,,,,,FARKHANA,,,,,,,,,,,
,,,,,,,,IGHREM NOUGDAL,,,,,,,,,,,
,,,,,,,,OUARZAZATE,,,,,,,,,,,
,,,,,,,,AGDZ,,,,,,,,,,,
,,,,,,,,BOUMALNE DU DADES,,,,,,,,,,,
,,,,,,,,JDIRIA,,,,,,,,,,,
,,,,,,,,TAZNAKHT,,,,,,,,,,,
,,,,,,,,TINGHIR,,,,,,,,,,,
,,,,,,,,TAZARINE,,,,,,,,,,,
,,,,,,,,TAGOUNITE,,,,,,,,,,,
,,,,,,,,ZAGORA,,,,,,,,,,,
,,,,,,,,M'HAMID EL GHIZLANE,,,,,,,,,,,
,,,,,,,,SKOURA,,,,,,,,,,,
,,,,,,,,M'SEMRIR,,,,,,,,,,,
,,,,,,,,EL KELAA M'GOUNA,,,,,,,,,,,
,,,,,,,,AHFIR,,,,,,,,,,,
,,,,,,,,AIN BENI MATHAR,,,,,,,,,,,
,,,,,,,,BERGUENT,,,,,,,,,,,
,,,,,,,,BERKANE,,,,,,,,,,,
,,,,,,,,BENI-DRAR,,,,,,,,,,,
,,,,,,,,DEBDOU,,,,,,,,,,,
,,,,,,,,EL AIOUNE,,,,,,,,,,,
,,,,,,,,JERADA,,,,,,,,,,,
,,,,,,,,MECHRAA KLILA,,,,,,,,,,,
,,,,,,,,OUJDA,,,,,,,,,,,
,,,,,,,,SAIDIA,,,,,,,,,,,
,,,,,,,,SIDI YAHYA BNI BAHDEL,,,,,,,,,,,
,,,,,,,,TAFOUGHALT,,,,,,,,,,,
,,,,,,,,TAOURIRT,,,,,,,,,,,
,,,,,,,,TOUISSIT BOUBKER,,,,,,,,,,,
,,,,,,,,NAIMA,,,,,,,,,,,
,,,,,,,,AIN SFA,,,,,,,,,,,
,,,,,,,,HASSI BLAL,,,,,,,,,,,
,,,,,,,,SEJAA,,,,,,,,,,,
,,,,,,,,CHEMAIA,,,,,,,,,,,
,,,,,,,,ESSAOUIRA LA KDIMA,,,,,,,,,,,
,,,,,,,,JEMAA SHAIM,,,,,,,,,,,
,,,,,,,,SAFI,,,,,,,,,,,
,,,,,,,,SEBT GZOULA,,,,,,,,,,,
,,,,,,,,TLAT EL HANCHANE,,,,,,,,,,,
,,,,,,,,YOUSSOUFIA,,,,,,,,,,,
,,,,,,,,SIDI AHMED,,,,,,,,,,,
,,,,,,,,TLATA SIDI BOUGUEDRA,,,,,,,,,,,
,,,,,,,,RAS EL AIN,,,,,,,,,,,
,,,,,,,,HAD HERRARA,,,,,,,,,,,
,,,,,,,,BEN AHMED,,,,,,,,,,,
,,,,,,,,BERRECHID,,,,,,,,,,,
,,,,,,,,DEROUA,,,,,,,,,,,
,,,,,,,,EL BOROUJ,,,,,,,,,,,
,,,,,,,,EL GARA,,,,,,,,,,,
,,,,,,,,EL MASSIRA  ( BARRAGE ),,,,,,,,,,,
,,,,,,,,MECHRA BEN ABBOU,,,,,,,,,,,
,,,,,,,,SOUK JEMAA OULED ABBOU,,,,,,,,,,,
,,,,,,,,OULAD SAID,,,,,,,,,,,
,,,,,,,,SETTAT,,,,,,,,,,,
,,,,,,,,SIDI HAJJAJ,,,,,,,,,,,
,,,,,,,,TAMARIS,,,,,,,,,,,
,,,,,,,,BNI KHLOUG,,,,,,,,,,,
,,,,,,,,TLAT LOULAD,,,,,,,,,,,
,,,,,,,,HAD SOUALEM,,,,,,,,,,,
,,,,,,,,GUISSER,,,,,,,,,,,
,,,,,,,,ESSMARA,,,,,,,,,,,
,,,,,,,,TIFARITI,,,,,,,,,,,
,,,,,,,,LABOUIRATE,,,,,,,,,,,
,,,,,,,,ASILAH,,,,,,,,,,,
,,,,,,,,BOUKHALEF,,,,,,,,,,,
,,,,,,,,TANGER,,,,,,,,,,,
,,,,,,,,HAD RHARBIA,,,,,,,,,,,
,,,,,,,,GZENAYA,,,,,,,,,,,
,,,,,,,,DAR CHAOUI,,,,,,,,,,,
,,,,,,,,ABTTIH,,,,,,,,,,,
,,,,,,,,M'SIED,,,,,,,,,,,
,,,,,,,,TAN TAN,,,,,,,,,,,
,,,,,,,,TAN-TAN PLAGE,,,,,,,,,,,
,,,,,,,,TLIMZOUNE,,,,,,,,,,,
,,,,,,,,OUED CHBIKA,,,,,,,,,,,
,,,,,,,,LAHMIDIA,,,,,,,,,,,
,,,,,,,,Tagante,,,,,,,,,,,
,,,,,,,,AKOUAS BRIECH,,,,,,,,,,,
,,,,,,,,BOUIZAKARNE,,,,,,,,,,,
,,,,,,,,GUELMIM,,,,,,,,,,,
,,,,,,,,DCHICHA,,,,,,,,,,,
,,,,,,,,TAGHJIJTE,,,,,,,,,,,
,,,,,,,,IFRANE ATLAS SAGHIR,,,,,,,,,,,
,,,,,,,,AKKA,,,,,,,,,,,
,,,,,,,,TIMOLAY,,,,,,,,,,,
,,,,,,,,FOUM ZGUID,,,,,,,,,,,
,,,,,,,,FAM EL HISN,,,,,,,,,,,
,,,,,,,,TATA,,,,,,,,,,,
,,,,,,,,TISSINT,,,,,,,,,,,
,,,,,,,,TLATA TAGMOUTE,,,,,,,,,,,
,,,,,,,,ISSAFEN,,,,,,,,,,,
,,,,,,,,AKNOUL,,,,,,,,,,,
,,,,,,,,GUERCIF,,,,,,,,,,,
,,,,,,,,MATMATA,,,,,,,,,,,
,,,,,,,,HAKKAMA,,,,,,,,,,,
,,,,,,,,SAKKA,,,,,,,,,,,
,,,,,,,,TAINESTE,,,,,,,,,,,
,,,,,,,,TAZA,,,,,,,,,,,
,,,,,,,,TIZI OUZLI,,,,,,,,,,,
,,,,,,,,OUED AMLIL,,,,,,,,,,,
,,,,,,,,TAHLA,,,,,,,,,,,
,,,,,,,,BNI LENNT,,,,,,,,,,,
,,,,,,,,AIN AICHA,,,,,,,,,,,
,,,,,,,,MAGHRAOUA,,,,,,,,,,,
,,,,,,,,KARIA  BA MOHAMMED,,,,,,,,,,,
,,,,,,,,OURTZAGH,,,,,,,,,,,
,,,,,,,,TAOUNATE,,,,,,,,,,,
,,,,,,,,TAHAR SOUK,,,,,,,,,,,
,,,,,,,,TISSA,,,,,,,,,,,
,,,,,,,,SIDI MAKHFI,,,,,,,,,,,
,,,,,,,,AIN MEDIOUNA,,,,,,,,,,,
,,,,,,,,RHAFSAI,,,,,,,,,,,
,,,,,,,,CABO NEGRO,,,,,,,,,,,
,,,,,,,,TNINE SIDI EL LYAMANI,,,,,,,,,,,
,,,,,,,,FNIDEQ,,,,,,,,,,,
,,,,,,,,MELOUSSA,,,,,,,,,,,
,,,,,,,,MARTIL,,,,,,,,,,,
,,,,,,,,MDIQ,,,,,,,,,,,
,,,,,,,,OUED LAOU,,,,,,,,,,,
,,,,,,,,TETOUAN,,,,,,,,,,,
,,,,,,,,KHEMIS ANJRA,,,,,,,,,,,
,,,,,,,,HJAR NHAL,,,,,,,,,,,
,,,,,,,,TAGHRAMT,,,,,,,,,,,
,,,,,,,,BEN KERRICH,,,,,,,,,,,
,,,,,,,,AMSSA,,,,,,,,,,,
,,,,,,,,IFNI,,,,,,,,,,,
,,,,,,,,TAFRAOUTE,,,,,,,,,,,
,,,,,,,,TIZNIT,,,,,,,,,,,
,,,,,,,,TIGHMI,,,,,,,,,,,
,,,,,,,,TLAT LAKHSASS,,,,,,,,,,,
,,,,,,,,HAD TAHALA,,,,,,,,,,,
,,,,,,,,DAKHLA,,,,,,,,,,,
,,,,,,,,AL ARGOUB,,,,,,,,,,,
,,,,,,,,AARICH,,,,,,,,,,,
,,,,,,,,PUNTA CHICA,,,,,,,,,,,
,,,,,,,,CENTRE BIR GUENDOZ,,,,,,,,,,,
,,,,,,,,AZROU,,,,,,,,,,,
,,,,,,,,FOUM LABOUIR,,,,,,,,,,,
,,,,,,,,IFRANE,,,,,,,,,,,
,,,,,,,,AIN LEUH,,,,,,,,,,,
,,,,,,,,AGADIR IDA OUTANANE,,,,,,,,,,,
,,,,,,,,TIMAHDITE,,,,,,,,,,,
,,,,,,,,TIKIOUINE,,,,,,,,,,,
,,,,,,,,SIDI ADDI,,,,,,,,,,,
,,,,,,,,BEN SERGAOU,,,,,,,,,,,
,,,,,,,,SIDI EL MEKHFI,,,,,,,,,,,
,,,,,,,,TAMZARGOUT,,,,,,,,,,,
,,,,,,,,OUED IFRANE,,,,,,,,,,,
,,,,,,,,IMOUZER,,,,,,,,,,,
,,,,,,,,TAGHAZOUT,,,,,,,,,,,
,,,,,,,,DAYT AOUA,,,,,,,,,,,
,,,,,,,,TAMRI,,,,,,,,,,,
,,,,,,,,AOURIR,,,,,,,,,,,
,,,,,,,,DRARGA,,,,,,,,,,,
,,,,,,,,CITE SONTY SONABA,,,,,,,,,,,
,,,,,,,,KSAR EL KEBIR,,,,,,,,,,,
,,,,,,,,SEFROU,,,,,,,,,,,
,,,,,,,,LARACHE,,,,,,,,,,,
,,,,,,,,IMOUZER KANDAR,,,,,,,,,,,
,,,,,,,,BENI GARFETT,,,,,,,,,,,
,,,,,,,,BHALIL,,,,,,,,,,,
,,,,,,,,EL AOUAMRA,,,,,,,,,,,
,,,,,,,,EL MANZEL,,,,,,,,,,,
,,,,,,,,RISSANA,,,,,,,,,,,
,,,,,,,,RIBAT AL KHEIR,,,,,,,,,,,
,,,,,,,,AIN CHGAG,,,,,,,,,,,
,,,,,,,,LAMZANDA,,,,,,,,,,,
,,,,,,,,TATOFT,,,,,,,,,,,
,,,,,,,,KHMISS SAHEL,,,,,,,,,,,
,,,,,,,,TOUAMA,,,,,,,,,,,
,,,,,,,,BENI ARROUSS,,,,,,,,,,,
,,,,,,,,OULAD YAAGOUB ,,,,,,,,,,,
,,,,,,,,PONT TASSAOUT(RAFIYA ),,,,,,,,,,,
,,,,,,,,BNI OUKIL,,,,,,,,,,,
,,,,,,,,EL HAOUZ,,,,,,,,,,,
,,,,,,,,AIT OURIR,,,,,,,,,,,
,,,,,,,,OULED AYAD,,,,,,,,,,,
,,,,,,,,GMATE,,,,,,,,,,,
,,,,,,,,ARHBALA,,,,,,,,,,,
,,,,,,,,ASNI,,,,,,,,,,,
,,,,,,,,HAD OULED BOUMOUSSA,,,,,,,,,,,
,,,,,,,,AZGOUR,,,,,,,,,,,
,,,,,,,,HAD BRADIA,,,,,,,,,,,
,,,,,,,,TAHANAOUT,,,,,,,,,,,
,,,,,,,,SIDI AISSA,,,,,,,,,,,
,,,,,,,,AMEZMIZ,,,,,,,,,,,
,,,,,,,,OULED ZMAM,,,,,,,,,,,
,,,,,,,,OURIKA,,,,,,,,,,,
,,,,,,,,TAGHZIRTE,,,,,,,,,,,
,,,,,,,,TAMSLOHT,,,,,,,,,,,
,,,,,,,,OULED SAID EL OUED,,,,,,,,,,,
,,,,,,,,TIGHDOUINE,,,,,,,,,,,
,,,,,,,,FOUM EL ANSER,,,,,,,,,,,
,,,,,,,,OULED ABDELLAH,,,,,,,,,,,
,,,,,,,,ASSA,,,,,,,,,,,
,,,,,,,,OULED YOUSSEF,,,,,,,,,,,
,,,,,,,,ZAG,,,,,,,,,,,
,,,,,,,,OULED BOUAAZZA,,,,,,,,,,,
,,,,,,,,GHROM LAALAM,,,,,,,,,,,
,,,,,,,,BENI CHEGDAL ,,,,,,,,,,,
,,,,,,,,TANOUGHA,,,,,,,,,,,
,,,,,,,,LAHMADNA,,,,,,,,,,,
,,,,,,,,LAMHARRA,,,,,,,,,,,
,,,,,,,,LAMZEM,,,,,,,,,,,
,,,,,,,,LOUNASDA,,,,,,,,,,,
,,,,,,,,JAMAAT OULED GHANME,,,,,,,,,,,
,,,,,,,,CHTOUKA,,,,,,,,,,,
,,,,,,,,INEZGANE,,,,,,,,,,,
,,,,,,,,AIT MELLOUL,,,,,,,,,,,
,,,,,,,,EL KOLEA,,,,,,,,,,,
,,,,,,,,TEMSIA,,,,,,,,,,,
,,,,,,,,AIT BAHA,,,,,,,,,,,
,,,,,,,,DCHEIRA,,,,,,,,,,,
,,,,,,,,MASSA,,,,,,,,,,,
,,,,,,,,KHMIS AIT AMIRA,,,,,,,,,,,
,,,,,,,,BELFAA,,,,,,,,,,,
,,,,,,,,IGHREM,,,,,,,,,,,
,,,,,,,,TARRAST,,,,,,,,,,,
,,,,,,,,AIT YAZZA,,,,,,,,,,,
,,,,,,,,JORF,,,,,,,,,,,
,,,,,,,,OUZIOUA,,,,,,,,,,,
,,,,,,,,SIDI BIBI,,,,,,,,,,,
,,,,,,,,SIDI OUAAZIZ,,,,,,,,,,,
,,,,,,,,BIOUGRA,,,,,,,,,,,
,,,,,,,,MARBOUH,,,,,,,,,,,
,,,,,,,,NZALT LAADAM,,,,,,,,,,,
,,,,,,,,AIT BLAL,,,,,,,,,,,
,,,,,,,,AIT BOUALI,,,,,,,,,,,
,,,,,,,,AIT OUKABLI,,,,,,,,,,,
,,,,,,,,AIT TAMLIL,,,,,,,,,,,
,,,,,,,,SIDI MOUSSA,,,,,,,,,,,
,,,,,,,,CR SIDI TAHAR (OULED MSAFER),,,,,,,,,,,
,,,,,,,,ZGMOUZEN,,,,,,,,,,,
,,,,,,,,TAMZAOURT,,,,,,,,,,,
,,,,,,,,IMIN IFRI,,,,,,,,,,,
,,,,,,,,OUAOULA,,,,,,,,,,,
,,,,,,,,SGAT,,,,,,,,,,,
,,,,,,,,SIDI YAAGOUB,,,,,,,,,,,
,,,,,,,,TABANT,,,,,,,,,,,
,,,,,,,,TIFERT NAIT HAMZA,,,,,,,,,,,
,,,,,,,,TAMASSINT,,,,,,,,,,,
,,,,,,,,NEKKOUR,,,,,,,,,,,
,,,,,,,,BENI ABDELLAH,,,,,,,,,,,
,,,,,,,,TILOUGHITE,,,,,,,,,,,
,,,,,,,,AIT KAMARA,,,,,,,,,,,
,,,,,,,,IZEMMOUREN,,,,,,,,,,,
,,,,,,,,AIT YOUSSEF OU ALI,,,,,,,,,,,
,,,,,,,,LARBAA TAOURIRT,,,,,,,,,,,
,,,,,,,,TIMOULILTE,,,,,,,,,,,
,,,,,,,,LARBAA SNADA,,,,,,,,,,,
,,,,,,,,ROUADI,,,,,,,,,,,
,,,,,,,,TIKZIRETTE,,,,,,,,,,,
,,,,,,,,IMOUGZEN,,,,,,,,,,,
,,,,,,,,CENTRE IKAOUENE,,,,,,,,,,,
,,,,,,,,TISLIT,,,,,,,,,,,
,,,,,,,,FOUM JAMAA,,,,,,,,,,,
,,,,,,,,AIT M'HAMED,,,,,,,,,,,
,,,,,,,,TAGLEFT,,,,,,,,,,,
,,,,,,,,CENTRE BENI AYAT,,,,,,,,,,,
,,,,,,,,OUZOUD,,,,,,,,,,,
,,,,,,,,ASSIFANE,,,,,,,,,,,
,,,,,,,,AIN DIAB,,,,,,,,,,,
,,,,,,,,SEBT AL MZELHA,,,,,,,,,,,
,,,,,,,,AIN HARROUDA,,,,,,,,,,,
,,,,,,,,BOUSKOURA,,,,,,,,,,,
,,,,,,,,CASABLANCA,,,,,,,,,,,
,,,,,,,,NOUACEUR,,,,,,,,,,,
,,,,,,,,AIN SBAA HAY EL MOHAMMADI,,,,,,,,,,,
,,,,,,,,AIN CHOK HAY EL HASSANI,,,,,,,,,,,
,,,,,,,,BEN-M'SIK-SIDI OTHMANE,,,,,,,,,,,
,,,,,,,,MEDIOUNA,,,,,,,,,,,
,,,,,,,,MOHAMMADIA ZENATA,,,,,,,,,,,
,,,,,,,,SIDI MAAROUF,,,,,,,,,,,
,,,,,,,,TIT MELLIL,,,,,,,,,,,
,,,,,,,,SIDI MESSAOUD,,,,,,,,,,,
,,,,,,,,EL FIDA DERB SOULTAN,,,,,,,,,,,
,,,,,,,,AHL LAGHLAM,,,,,,,,,,,
,,,,,,,,OULED TALEB,,,,,,,,,,,
,,,,,,,,DAR  BOUAAZA,,,,,,,,,,,
,,,,,,,,CASA PORT MARITIME,,,,,,,,,,,
,,,,,,,,OULED AZZOUZ,,,,,,,,,,,
,,,,,,,,LAHRAOUYINE,,,,,,,,,,,
,,,,,,,,BENI YAKHLEF,,,,,,,,,,,
,,,,,,,,MEKANSA,,,,,,,,,,,
,,,,,,,,SIDI MOUSSA BEN ALI,,,,,,,,,,,
,,,,,,,,ECHELLALATE,,,,,,,,,,,
,,,,,,,,SIDI MOUSSA  ALMAJDOUB,,,,,,,,,,,
,,,,,,,,ERRAHMA,,,,,,,,,,,
,,,,,,,,OULAD SALAH,,,,,,,,,,,
,,,,,,,,LAATAMNA,,,,,,,,,,,
,,,,,,,,LABRIKIYINE,,,,,,,,,,,
,,,,,,,,OULED AMRANE,,,,,,,,,,,
,,,,,,,,OULED HAMDANE,,,,,,,,,,,
,,,,,,,,BENI HLAL,,,,,,,,,,,
,,,,,,,,SIDI ALI,,,,,,,,,,,
,,,,,,,,SEBT SAISS,,,,,,,,,,,
,,,,,,,,CHTOUKA,,,,,,,,,,,
,,,,,,,,KHMIS METTOUH,,,,,,,,,,,
,,,,,,,,SIDI ALI BEN HAMDOUCHE,,,,,,,,,,,
,,,,,,,,OULED SBIT,,,,,,,,,,,
,,,,,,,,BOULAAOUANE,,,,,,,,,,,
,,,,,,,,OULED BOUAZIA (RGAGDA Od GHANE,,,,,,,,,,,
,,,,,,,,SIDI DRISS,,,,,,,,,,,
,,,,,,,,SANIAT BERGUIG,,,,,,,,,,,
,,,,,,,,SAHRIJ,,,,,,,,,,,
,,,,,,,,DOUAR LOUTA (CR LAGDIRA),,,,,,,,,,,
,,,,,,,,HAD FREITA,,,,,,,,,,,
,,,,,,,,DOUAR AL KAID,,,,,,,,,,,
,,,,,,,,OUARGUI,,,,,,,,,,,
,,,,,,,,OULED HSSINE,,,,,,,,,,,
,,,,,,,,OULED MSSABEL,,,,,,,,,,,
,,,,,,,,DOUAR OULAD GHOUALMA,,,,,,,,,,,
,,,,,,,,DOUAR AARFA LOTA,,,,,,,,,,,
,,,,,,,,DOUAR OULAD BEN HAMMOU SIDI AB,,,,,,,,,,,
,,,,,,,,SEBT DOUIEB,,,,,,,,,,,
,,,,,,,,CENTRE DOUAR EL HAJAJ,,,,,,,,,,,
,,,,,,,,ARBAA CHTOUKA,,,,,,,,,,,
,,,,,,,,BIR BABOUCHE,,,,,,,,,,,
,,,,,,,,BIR LAHRACH,,,,,,,,,,,
,,,,,,,,BNI TSIRIS,,,,,,,,,,,
,,,,,,,,MESKALA,,,,,,,,,,,
,,,,,,,,BOUALALA,,,,,,,,,,,
,,,,,,,,BOUHMANE,,,,,,,,,,,
,,,,,,,,CHAAIBAT,,,,,,,,,,,
,,,,,,,,CHLEUHA,,,,,,,,,,,
,,,,,,,,CHROUA,,,,,,,,,,,
,,,,,,,,EL AMRIA,,,,,,,,,,,
,,,,,,,,EL AZZABA,,,,,,,,,,,
,,,,,,,,EL HARATE,,,,,,,,,,,
,,,,,,,,EL MECHREK,,,,,,,,,,,
,,,,,,,,HAD EL AOUNATE,,,,,,,,,,,
,,,,,,,,KOUDIAT LAGHOUALEME,,,,,,,,,,,
,,,,,,,,KRIDID,,,,,,,,,,,
,,,,,,,,KSSIBA,,,,,,,,,,,
,,,,,,,,LAABADLA,,,,,,,,,,,
,,,,,,,,LAATATRA,,,,,,,,,,,
,,,,,,,,LABRAGA,,,,,,,,,,,
,,,,,,,,LAFOUARES,,,,,,,,,,,
,,,,,,,,LAGAABRA,,,,,,,,,,,
,,,,,,,,LAGRICHATE,,,,,,,,,,,
,,,,,,,,LAHGAGCHA,,,,,,,,,,,
,,,,,,,,LAKNADRA,,,,,,,,,,,
,,,,,,,,LAKROUA ,,,,,,,,,,,
,,,,,,,,LAMLALHA,,,,,,,,,,,
,,,,,,,,LAMNAKRA,,,,,,,,,,,
,,,,,,,,NOUAAMA,,,,,,,,,,,
,,,,,,,,OULAD ABDELLAH,,,,,,,,,,,
,,,,,,,,OULAD ALLOU,,,,,,,,,,,
,,,,,,,,OULAD BENCHAOUI,,,,,,,,,,,
,,,,,,,,OULAD BOUANANE,,,,,,,,,,,
,,,,,,,,OULAD BOUARAARA,,,,,,,,,,,
,,,,,,,,OULAD BOUSSAKENE,,,,,,,,,,,
,,,,,,,,OULAD EL AOUNI,,,,,,,,,,,
,,,,,,,,OULAD SALLAM,,,,,,,,,,,
,,,,,,,,OULAD SI BOUHYA,,,,,,,,,,,
,,,,,,,,OULAD SLIMANE,,,,,,,,,,,
,,,,,,,,SIDI ABED,,,,,,,,,,,
,,,,,,,,SLAHMA,,,,,,,,,,,
,,,,,,,,TAMDA,,,,,,,,,,,
,,,,,,,,TOUILATE,,,,,,,,,,,
,,,,,,,,ZAOUIAT SAIS,,,,,,,,,,,
,,,,,,,,ZEMRANE,,,,,,,,,,,
,,,,,,,,ZOUINATE,,,,,,,,,,,
,,,,,,,,AIT TALEB ,,,,,,,,,,,
,,,,,,,,DACHRA,,,,,,,,,,,
,,,,,,,,JAAIDATE,,,,,,,,,,,
,,,,,,,,JEMAA LAARARCHA,,,,,,,,,,,
,,,,,,,,TEMARA PLAGE,,,,,,,,,,,
,,,,,,,,AIN EL AOUDA,,,,,,,,,,,
,,,,,,,,BOUKNADEL,,,,,,,,,,,
,,,,,,,,RABAT,,,,,,,,,,,
,,,,,,,,SALE,,,,,,,,,,,
,,,,,,,,SKHIRAT,,,,,,,,,,,
,,,,,,,,SHOUL,,,,,,,,,,,
,,,,,,,,TEMARA,,,,,,,,,,,
,,,,,,,,SIDI YAHIA ZAERS,,,,,,,,,,,
,,,,,,,,MECHOIR,,,,,,,,,,,
,,,,,,,,EL ARJATE,,,,,,,,,,,
,,,,,,,,SIDI BRAHIM,,,,,,,,,,,
,,,,,,,,LAAYAYDA,,,,,,,,,,,
,,,,,,,,SALA EL JADIDA,,,,,,,,,,,
,,,,,,,,MERS EL KHEIR,,,,,,,,,,,
,,,,,,,,SEBBAH,,,,,,,,,,,
,,,,,,,,AIN EL HAYAT,,,,,,,,,,,
,,,,,,,,HARHOURA,,,,,,,,,,,
,,,,,,,,LAGHOUAZI,,,,,,,,,,,
,,,,,,,,TAMESNA,,,,,,,,,,,
,,,,,,,,EL MENZEH,,,,,,,,,,,
,,,,,,,,SIDI AISSA BEN SLIMANE ,,,,,,,,,,,
,,,,,,,,ADAGHASSE,,,,,,,,,,,
,,,,,,,,AGLIF,,,,,,,,,,,
,,,,,,,,AIN LAHJAR,,,,,,,,,,,
,,,,,,,,AIT AISSI,,,,,,,,,,,
,,,,,,,,AIT IDER,,,,,,,,,,,
,,,,,,,,AIT ZELTEN,,,,,,,,,,,
,,,,,,,,AQARMOUD,,,,,,,,,,,
,,,,,,,,ARTNAN,,,,,,,,,,,
,,,,,,,,ASSAIS,,,,,,,,,,,
,,,,,,,,BARAKAT KHIZOU,,,,,,,,,,,
,,,,,,,,BHAIBAH,,,,,,,,,,,
,,,,,,,,BHAT,,,,,,,,,,,
,,,,,,,,BIRKOUAT,,,,,,,,,,,
,,,,,,,,BOUZEMOUR,,,,,,,,,,,
,,,,,,,,EL GHAZOUA,,,,,,,,,,,
,,,,,,,,IDA OUAZZA,,,,,,,,,,,
,,,,,,,,IDA OUGUELLOU,,,,,,,,,,,
,,,,,,,,IDA OUZEMZEM,,,,,,,,,,,
,,,,,,,,IMINTLIT,,,,,,,,,,,
,,,,,,,,JAMAA SIDI LAAROUSSI ,,,,,,,,,,,
,,,,,,,,KRAYM,,,,,,,,,,,
,,,,,,,,LAMOUARID,,,,,,,,,,,
,,,,,,,,MEJI,,,,,,,,,,,
,,,,,,,,MKHALIF,,,,,,,,,,,
,,,,,,,,MY BOUZERKTOUN,,,,,,,,,,,
,,,,,,,,NAIRATE ,,,,,,,,,,,
,,,,,,,,ORTOFELAH,,,,,,,,,,,
,,,,,,,,OULAD MRABET,,,,,,,,,,,
,,,,,,,,OUM LAAYOUNE,,,,,,,,,,,
,,,,,,,,SIDI ABDELJALIL,,,,,,,,,,,
,,,,,,,,SIDI AHMED OUHMED,,,,,,,,,,,
,,,,,,,,SIDI AHMED OUMARZOUK ,,,,,,,,,,,
,,,,,,,,SIDI AHMED OUMBAREK,,,,,,,,,,,
,,,,,,,,SIDI ALI KOURATI,,,,,,,,,,,
,,,,,,,,SIDI BOULAALAM,,,,,,,,,,,
,,,,,,,,SIDI EL JAZOULI ,,,,,,,,,,,
,,,,,,,,SIDI ISHAQ,,,,,,,,,,,
,,,,,,,,SIDI KAOUKI,,,,,,,,,,,
,,,,,,,,TAFDNA,,,,,,,,,,,
,,,,,,,,TAHLOUANT,,,,,,,,,,,
,,,,,,,,TAKOUCHT ,,,,,,,,,,,
,,,,,,,,TALOUNJA,,,,,,,,,,,
,,,,,,,,TIDZI,,,,,,,,,,,
,,,,,,,,TIMZGUIDA OUFTAS,,,,,,,,,,,
,,,,,,,,BAGARA,,,,,,,,,,,
,,,,,,,,BAHARA OULAD AYAD,,,,,,,,,,,
,,,,,,,,CHOUAFAA,,,,,,,,,,,
,,,,,,,,DAR JDIDA,,,,,,,,,,,
,,,,,,,,DLALHA,,,,,,,,,,,
,,,,,,,,EL MOGRANE,,,,,,,,,,,
,,,,,,,,HAD OULAD JELLOUL,,,,,,,,,,,
,,,,,,,,KARIAT BEN AOUDA,,,,,,,,,,,
,,,,,,,,LAABIYATE,,,,,,,,,,,
,,,,,,,,LAANABSA,,,,,,,,,,,
,,,,,,,,LAGURINATE,,,,,,,,,,,
,,,,,,,,LAKHDADRA,,,,,,,,,,,
,,,,,,,,LALLA YATO,,,,,,,,,,,
,,,,,,,,LHIMRIYINE,,,,,,,,,,,
,,,,,,,,LALLA MIMOUNA,,,,,,,,,,,
,,,,,,,,SIDI BOUBKER EL HAJ,,,,,,,,,,,
,,,,,,,,SIDI MOHAMMED LAHMAR,,,,,,,,,,,
,,,,,,,,CENTRE LHLALFA,,,,,,,,,,,
,,,,,,,,MRASDA,,,,,,,,,,,
,,,,,,,,NBIGATE,,,,,,,,,,,
,,,,,,,,OULAD BOUTABET,,,,,,,,,,,
,,,,,,,,OULAD HMID,,,,,,,,,,,
,,,,,,,,OULAD MASBAH,,,,,,,,,,,
,,,,,,,,RZAZKA ,,,,,,,,,,,
,,,,,,,,KHENICHET,,,,,,,,,,,
,,,,,,,,ZIRARA,,,,,,,,,,,
,,,,,,,,SIDI RADOUANE,,,,,,,,,,,
,,,,,,,,SIDI AMEUR EL HADI,,,,,,,,,,,
,,,,,,,,ZAGGOTA,,,,,,,,,,,
,,,,,,,,MESMOUDA,,,,,,,,,,,
,,,,,,,,DOUAR LAKHRATE KAIDA LHOUAFATE,,,,,,,,,,,
,,,,,,,,AIN DFALI,,,,,,,,,,,
,,,,,,,,BIR TALEB HAD TEKNA,,,,,,,,,,,
,,,,,,,,SIDI ABDELAZIZ,,,,,,,,,,,
,,,,,,,,TISSANE,,,,,,,,,,,
,,,,,,,,TOUIRFA,,,,,,,,,,,
,,,,,,,,ZHANA,,,,,,,,,,,
,,,,,,,,BELI QOLLA,,,,,,,,,,,
,,,,,,,,BELI QOLLA,,,,,,,,,,,
,,,,,,,,BENI OUAL,,,,,,,,,,,
,,,,,,,,BIB TIOUKA,,,,,,,,,,,
,,,,,,,,CHBANAT,,,,,,,,,,,
,,,,,,,,DAR EL ASLOUJI ,,,,,,,,,,,
,,,,,,,,LAMRABIH,,,,,,,,,,,
,,,,,,,,M ZEFROUNE,,,,,,,,,,,
,,,,,,,,NOUIRAT,,,,,,,,,,,
,,,,,,,,OULAD NOUAL,,,,,,,,,,,
,,,,,,,,RMILA,,,,,,,,,,,
,,,,,,,,SAFSAF,,,,,,,,,,,
,,,,,,,,SELFFAT,,,,,,,,,,,
,,,,,,,,TIGHASSALINE,,,,,,,,,,,
,,,,,,,,OUAOUMANA,,,,,,,,,,,
,,,,,,,,KERROUCHEN,,,,,,,,,,,
,,,,,,,,SIDI YAHIA OU SAAD,,,,,,,,,,,
,,,,,,,,HAD BOUHSOUSSEN,,,,,,,,,,,
,,,,,,,,HAD LAGHOUALEM,,,,,,,,,,,
,,,,,,,,AIT MELK,,,,,,,,,,,
,,,,,,,,JEMAA MOUL BLAD,,,,,,,,,,,
,,,,,,,,KHMIS SIDI YAHYA,,,,,,,,,,,
,,,,,,,,SFASSIF,,,,,,,,,,,
,,,,,,,,TIFRIT AIT BOUGINAL,,,,,,,,,,,
,,,,,,,,MEJJAT,,,,,,,,,,,
,,,,,,,,TNINE AIT OURBEL,,,,,,,,,,,
,,,,,,,,CENTRE SIDI ABDERRAZAK,,,,,,,,,,,
,,,,,,,,SIDI ZOUINE,,,,,,,,,,,
,,,,,,,,MAJMAAT TOLBA,,,,,,,,,,,
,,,,,,,,M QUAM TOLBA,,,,,,,,,,,
,,,,,,,,HAD OULED FENNANE,,,,,,,,,,,
,,,,,,,,BENI BATAOU,,,,,,,,,,,
,,,,,,,,OULED BOUGHADI,,,,,,,,,,,
,,,,,,,,AIT HANI,,,,,,,,,,,
,,,,,,,,BIR MEZOUI,,,,,,,,,,,
,,,,,,,,JORF,,,,,,,,,,,
,,,,,,,,ASSOUL,,,,,,,,,,,
,,,,,,,,AIT AMAR,,,,,,,,,,,
,,,,,,,,LAAMAMRA,,,,,,,,,,,
,,,,,,,,MELAAB,,,,,,,,,,,
,,,,,,,,CENTRE LAGNADIZ,,,,,,,,,,,
,,,,,,,,ALNIF,,,,,,,,,,,
,,,,,,,,GOURRAMA,,,,,,,,,,,
,,,,,,,,CENTRE AIN KAICHA,,,,,,,,,,,
,,,,,,,,TADIGHOUST,,,,,,,,,,,
,,,,,,,,MOULAY BRAHIM,,,,,,,,,,,
,,,,,,,,MZOUDA,,,,,,,,,,,
,,,,,,,,OULED HASSOUNE,,,,,,,,,,,
,,,,,,,,OULAD AYYAD,,,,,,,,,,,
,,,,,,,,TALAT N YACOUB,,,,,,,,,,,
,,,,,,,,AIN CHEQEF,,,,,,,,,,,
,,,,,,,,RAS EL MA,,,,,,,,,,,
,,,,,,,,SIDI EL KAMEL,,,,,,,,,,,
,,,,,,,,LOUADAINE,,,,,,,,,,,
,,,,,,,,LAAJAJRA,,,,,,,,,,,
,,,,,,,,AIN ALLAH,,,,,,,,,,,
,,,,,,,,SIDI MHAMED CHELH,,,,,,,,,,,
,,,,,,,,AGHBALOU,,,,,,,,,,,
,,,,,,,,SEBT AIT RAHOU,,,,,,,,,,,
,,,,,,,,HARBIL,,,,,,,,,,,
,,,,,,,,DRIRANE,,,,,,,,,,,
,,,,,,,,AGOURAI,,,,,,,,,,,
,,,,,,,,TNINE M'HAYA,,,,,,,,,,,
,,,,,,,,TOULAL,,,,,,,,,,,
,,,,,,,,SEBT JAHJOUH,,,,,,,,,,,
,,,,,,,,OUISLANE,,,,,,,,,,,
,,,,,,,,OUED JDIDA,,,,,,,,,,,
,,,,,,,,DAR OUM SOLTANE,,,,,,,,,,,
,,,,,,,,FEZNA,,,,,,,,,,,
,,,,,,,,DKHISSA,,,,,,,,,,,
,,,,,,,,AIT BOUBIDMANE,,,,,,,,,,,
,,,,,,,,MOULAY BOUAAZZA,,,,,,,,,,,
,,,,,,,,CENTRE AIT OUALLAL BITIT,,,,,,,,,,,
,,,,,,,,AIT HAMMOU OURAHOU,,,,,,,,,,,
,,,,,,,,DOUAR SDI ABDELLAH,,,,,,,,,,,
,,,,,,,,MAJJAT,,,,,,,,,,,
,,,,,,,,TAOUGHILT,,,,,,,,,,,
,,,,,,,,TECKNA,,,,,,,,,,,
,,,,,,,,ZGHIRA,,,,,,,,,,,
,,,,,,,,SIDI AZZOUZ,,,,,,,,,,,
,,,,,,,,SIDI BOUSBER ,,,,,,,,,,,
,,,,,,,,BENI ZRANTEL,,,,,,,,,,,
,,,,,,,,BOUKHRISS,,,,,,,,,,,
,,,,,,,,CHOUGRANE,,,,,,,,,,,
,,,,,,,,FOKRA,,,,,,,,,,,
,,,,,,,,KASBAT TORCH,,,,,,,,,,,
,,,,,,,,MFASSIS,,,,,,,,,,,
,,,,,,,,OULAD AZZOUZ,,,,,,,,,,,
,,,,,,,,ROUACHED,,,,,,,,,,,
,,,,,,,,TACHRAFT,,,,,,,,,,,
,,,,,,,,KSAR EL MAJAZ,,,,,,,,,,,
,,,,,,,,AIT OUBELLI,,,,,,,,,,,
,,,,,,,,AKKA IGNEN ,,,,,,,,,,,
,,,,,,,,AKKA IGUERN,,,,,,,,,,,
,,,,,,,,ALLOUGOUME,,,,,,,,,,,
,,,,,,,,BEN YAACOUB,,,,,,,,,,,
,,,,,,,,IMITEK,,,,,,,,,,,
,,,,,,,,OUM EL GUERDANE ,,,,,,,,,,,
,,,,,,,,TAMANARTE,,,,,,,,,,,
,,,,,,,,TIZGUI IDAOBALOUL,,,,,,,,,,,
,,,,,,,,TOUZOUNINE ,,,,,,,,,,,
,,,,,,,,AIT OUAMAR OU ALI,,,,,,,,,,,
,,,,,,,,AIT YAHYA OU ALA,,,,,,,,,,,
,,,,,,,,OUGMESS,,,,,,,,,,,
,,,,,,,,SEBT AIN LAHNACH ,,,,,,,,,,,
,,,,,,,,ZAOUIAT SIDI ABDESLAM,,,,,,,,,,,
,,,,,,,,AYACHA,,,,,,,,,,,
,,,,,,,,BOUJEDIANE,,,,,,,,,,,
,,,,,,,,KSAR B JIR,,,,,,,,,,,
,,,,,,,,OULED OUCHIH,,,,,,,,,,,
,,,,,,,,QOLLA,,,,,,,,,,,
,,,,,,,,RISSANA SUD,,,,,,,,,,,
,,,,,,,,SOUAKEN,,,,,,,,,,,
,,,,,,,,SOUK TOLBA,,,,,,,,,,,
,,,,,,,,TAZROUT,,,,,,,,,,,
,,,,,,,,ZAAROURA,,,,,,,,,,,
,,,,,,,,ZOUADA,,,,,,,,,,,
,,,,,,,,AGHROUD,,,,,,,,,,,
,,,,,,,,ALMA,,,,,,,,,,,
,,,,,,,,AMSEKROUD,,,,,,,,,,,
,,,,,,,,AQSRI,,,,,,,,,,,
,,,,,,,,ASAKA,,,,,,,,,,,
,,,,,,,,TNINE LAGHIATE,,,,,,,,,,,
,,,,,,,,MOUL EL BERGUI,,,,,,,,,,,
,,,,,,,,KHEMIS NGA,,,,,,,,,,,
,,,,,,,,JDOUR,,,,,,,,,,,
,,,,,,,,SIDI CHIKER,,,,,,,,,,,
,,,,,,,,IGHOUD,,,,,,,,,,,
,,,,,,,,SIDI AISSA,,,,,,,,,,,
,,,,,,,,EL GHIAT,,,,,,,,,,,
,,,,,,,,OULED ALLAL,,,,,,,,,,,
,,,,,,,,HAD TOUABET,,,,,,,,,,,
,,,,,,,,TEMSAMANE,,,,,,,,,,,
,,,,,,,,HAD MKHATI,,,,,,,,,,,
,,,,,,,,AZIAR,,,,,,,,,,,
,,,,,,,,IMIOUDDAR,,,,,,,,,,,
,,,,,,,,IMSOUANE,,,,,,,,,,,
,,,,,,,,OULED MRAH,,,,,,,,,,,
,,,,,,,,SIDI RAHHAL,,,,,,,,,,,
,,,,,,,,SEBT OULED FRIHA,,,,,,,,,,,
,,,,,,,,RAS EL AIN CHAOUIA,,,,,,,,,,,
,,,,,,,,SIDI EL AIDI,,,,,,,,,,,
,,,,,,,,KHMISS SIDI M HAMED BEN RAHAL,,,,,,,,,,,
,,,,,,,,TLAL LAGHNIMYINE,,,,,,,,,,,
,,,,,,,,DAR CHAFAI,,,,,,,,,,,
,,,,,,,,SIDI DAHBI,,,,,,,,,,,
,,,,,,,,OULED BEN AMER,,,,,,,,,,,
,,,,,,,,RAS EL AIN,,,,,,,,,,,
,,,,,,,,SIDI AHMED LAAROUSSI,,,,,,,,,,,
,,,,,,,,TABA,,,,,,,,,,,
,,,,,,,,TADDART,,,,,,,,,,,
,,,,,,,,TAMRAGHT,,,,,,,,,,,
,,,,,,,,TIGUERT,,,,,,,,,,,
,,,,,,,,TIQQI,,,,,,,,,,,
,,,,,,,,AIOUN SMAR,,,,,,,,,,,
,,,,,,,,AIT TALEB,,,,,,,,,,,
,,,,,,,,AZZABA,,,,,,,,,,,
,,,,,,,,HAD OULED ZBAIR,,,,,,,,,,,
,,,,,,,,MSILA,,,,,,,,,,,
,,,,,,,,ZRARDA,,,,,,,,,,,
,,,,,,,,TANALT,,,,,,,,,,,
,,,,,,,,BOUKELLAL,,,,,,,,,,,
,,,,,,,,BAB MARZOUKA,,,,,,,,,,,
,,,,,,,,BOUZEMLANE,,,,,,,,,,,
,,,,,,,,BOURED,,,,,,,,,,,
,,,,,,,,AJDIR,,,,,,,,,,,
,,,,,,,,BENI FRASSEN,,,,,,,,,,,
,,,,,,,,TADDART,,,,,,,,,,,
,,,,,,,,MEKNASSA AL GHARBIA,,,,,,,,,,,
,,,,,,,,SMIA,,,,,,,,,,,
,,,,,,,,BAB BOUDIR,,,,,,,,,,,
,,,,,,,,KHLALFA,,,,,,,,,,,
,,,,,,,,MAZGUITAM,,,,,,,,,,,
,,,,,,,,CHARMAK,,,,,,,,,,,
,,,,,,,,BOUHOUDA,,,,,,,,,,,
,,,,,,,,TABOUDA,,,,,,,,,,,
,,,,,,,,BERKINE,,,,,,,,,,,
,,,,,,,,BOUCHTA,,,,,,,,,,,
,,,,,,,,LAMRIJA,,,,,,,,,,,
,,,,,,,,KEBDANA,,,,,,,,,,,
,,,,,,,,KARYAT ARKMANE,,,,,,,,,,,
,,,,,,,,TLATA AZLEF,,,,,,,,,,,
,,,,,,,,OULAD DAOUD,,,,,,,,,,,
,,,,,,,,BENI OUNJEL TAFRAOUT,,,,,,,,,,,
,,,,,,,,BEN TAYEB,,,,,,,,,,,
,,,,,,,,TFERSIT,,,,,,,,,,,
,,,,,,,,BOUAAROUS,,,,,,,,,,,
,,,,,,,,DOUAR ISSAOUD BENISAID,,,,,,,,,,,
,,,,,,,,HASSI BERKANE,,,,,,,,,,,
,,,,,,,,BOUCHABEL,,,,,,,,,,,
,,,,,,,,CENTRE JAADAR,,,,,,,,,,,
,,,,,,,,KACETA,,,,,,,,,,,
,,,,,,,,OULJA,,,,,,,,,,,
,,,,,,,,ANFEG,,,,,,,,,,,
,,,,,,,,TARGA N CHTOUKA,,,,,,,,,,,
,,,,,,,,TNINE AGLOU,,,,,,,,,,,
,,,,,,,,TIGHIRT,,,,,,,,,,,
,,,,,,,,ANEZI,,,,,,,,,,,
,,,,,,,,MESTI,,,,,,,,,,,
,,,,,,,,AIT ARITANE,,,,,,,,,,,
,,,,,,,,TIOCEGHZA,,,,,,,,,,,
,,,,,,,,TAMJAOURT,,,,,,,,,,,
,,,,,,,,OULAD JERRAR,,,,,,,,,,,
,,,,,,,,TAGHBALTE,,,,,,,,,,,
,,,,,,,,SIDI H SAIN OU ALI,,,,,,,,,,,
,,,,,,,,ERROUHA,,,,,,,,,,,
,,,,,,,,MOGHRANE,,,,,,,,,,,
,,,,,,,,TARSAOUT,,,,,,,,,,,
,,,,,,,,BOUNAAMANE,,,,,,,,,,,
,,,,,,,,TAMEGROUTE,,,,,,,,,,,
,,,,,,,,TAUDAGHA,,,,,,,,,,,
,,,,,,,,TINZOULINE,,,,,,,,,,,
,,,,,,,,REGGADA,,,,,,,,,,,
,,,,,,,,TOUDOUTE,,,,,,,,,,,
,,,,,,,,TIDILI,,,,,,,,,,,
,,,,,,,,AIT ARKHA,,,,,,,,,,,
,,,,,,,,IJOUKAK,,,,,,,,,,,
,,,,,,,,TIZGUINE ,,,,,,,,,,,
,,,,,,,,WIRGANE,,,,,,,,,,,
,,,,,,,,TASSEGUDELT,,,,,,,,,,,
,,,,,,,,AKLIM,,,,,,,,,,,
,,,,,,,,LABSARA,,,,,,,,,,,
,,,,,,,,OUED EL HIMER,,,,,,,,,,,
,,,,,,,,LAAOUIMATE,,,,,,,,,,,
,,,,,,,,SIDI YAHYA,,,,,,,,,,,
,,,,,,,,LAATAMNA,,,,,,,,,,,
,,,,,,,,MELG EL OUIDANE,,,,,,,,,,,
,,,,,,,,TIZI N TAKOUCHT,,,,,,,,,,,
,,,,,,,,AIN REGGADA,,,,,,,,,,,
,,,,,,,,AOUSSRED,,,,,,,,,,,
,,,,,,,,SIDI SLIMANE CHERAA,,,,,,,,,,,
,,,,,,,,MADAGH,,,,,,,,,,,
,,,,,,,,FEZOUANE,,,,,,,,,,,
,,,,,,,,AGHBAL,,,,,,,,,,,
,,,,,,,,CHOUIHA,,,,,,,,,,,
,,,,,,,,BOUGHRIBA,,,,,,,,,,,
,,,,,,,,RISLANE,,,,,,,,,,,
,,,,,,,,WAHAT SIDI BRAHIM,,,,,,,,,,,
,,,,,,,,SIDI BOUHRIA,,,,,,,,,,,
,,,,,,,,SAADA,,,,,,,,,,,
,,,,,,,,ZEGZEL,,,,,,,,,,,
,,,,,,,,Centre tamansorte,,,,,,,,,,,
,,,,,,,,TASALTANTE,,,,,,,,,,,
,,,,,,,,AIT MLIK ,,,,,,,,,,,
,,,,,,,,AIT MZAL,,,,,,,,,,,
,,,,,,,,AIT OUDRIM,,,,,,,,,,,
,,,,,,,,AOUGNENZ,,,,,,,,,,,
,,,,,,,,HILALA,,,,,,,,,,,
,,,,,,,,IDA OUGNIDIF,,,,,,,,,,,
,,,,,,,,SETI FATMA,,,,,,,,,,,
,,,,,,,,IMLIL,,,,,,,,,,,
,,,,,,,,SIDI ABDELLAH GHIYAT,,,,,,,,,,,
,,,,,,,,IMI MKOURN,,,,,,,,,,,
,,,,,,,,INCHADEN,,,,,,,,,,,
,,,,,,,,OUAD ESSAFA,,,,,,,,,,,
,,,,,,,,OULAD DAHOU ,,,,,,,,,,,
,,,,,,,,S/ ABDELLAH EL BOCHOIRI,,,,,,,,,,,
,,,,,,,,SIDI BOUSSHAB,,,,,,,,,,,
,,,,,,,,SIDI OUASSAY,,,,,,,,,,,
,,,,,,,,BENI HASSAN,,,,,,,,,,,
,,,,,,,,SMIR,,,,,,,,,,,
,,,,,,,,AIN LAHCEN,,,,,,,,,,,
,,,,,,,,AZLA ,,,,,,,,,,,
,,,,,,,,ZINAT ,,,,,,,,,,,
,,,,,,,,NTIRIFT,,,,,,,,,,,
,,,,,,,,LGARGARATE,,,,,,,,,,,
,,,,,,,,OULAD MKOUDOU,,,,,,,,,,,
,,,,,,,,LAAOUAMA,,,,,,,,,,,
,,,,,,,,KSAR SGHIR,,,,,,,,,,,
,,,,,,,,BENI MAKADA,,,,,,,,,,,
,,,,,,,,MIRLEFT,,,,,,,,,,,
,,,,,,,,BENI GMIL,,,,,,,,,,,
,,,,,,,,BENI AMMART,,,,,,,,,,,
,,,,,,,,FETYOUAKA,,,,,,,,,,,
,,,,,,,,EL MANSOURIA,,,,,,,,,,,
,,,,,,,,MOUQRISSAT,,,,,,,,,,,
,,,,,,,,LAARARCHA,,,,,,,,,,,
,,,,,,,,NZALAT LAADAM,,,,,,,,,,,
,,,,,,,,AGUERMOUD,,,,,,,,,,,
,,,,,,,,OULAD MIMOUN,,,,,,,,,,,
,,,,,,,,LEMSAADA,,,,,,,,,,,
,,,,,,,,LAKCEIBA,,,,,,,,,,,
,,,,,,,,BOUDERBALA,,,,,,,,,,,
,,,,,,,,IMIDER,,,,,,,,,,,
,,,,,,,,AMERZGANE,,,,,,,,,,,
,,,,,,,,BEDDOUZA,,,,,,,,,,,
,,,,,,,,OULAD RYAB,,,,,,,,,,,
,,,,,,,,IDA OUGOUGMAR,,,,,,,,,,,
,,,,,,,,NQOB,,,,,,,,,,,
,,,,,,,,TIMGUIDIOUINE,,,,,,,,,,,
,,,,,,,,OULAD MERZG,,,,,,,,,,,
,,,,,,,,PALOMA,,,,,,,,,,,
,,,,,,,,SIDI-BERNOUSSI,,,,,,,,,,,
,,,,,,,,LISSASFA ,,,,,,,,,,,
,,,,,,,,JBEL LAHBIB,,,,,,,,,,,
,,,,,,,,MENGOUB,,,,,,,,,,,
,,,,,,,,MOULAY ABDESALAM,,,,,,,,,,,
,,,,,,,,SIDI AYACHE OULD SLAMA,,,,,,,,,,,
,,,,,,,,BOUMAIZ,,,,,,,,,,,
,,,,,,,,SIDI TAYBI,,,,,,,,,,,
,,,,,,,,DOUAR BOTAT,,,,,,,,,,,
